{"cameraMode":{"drawMode":0,"name":"Shaded","section":"Shading Mode"},"sceneLighting":false,"audioPlay":false,"sceneViewState":{"showFog":true,"showMaterialUpdate":false,"showSkybox":false,"showFlares":true,"showImageEffects":true,"showParticleSystems":true},"in2DMode":false,"pivot":{"x":9.108288764953614,"y":2.24375319480896,"z":1.919095754623413},"rotation":{"x":-0.004911663476377726,"y":0.45950013399124148,"z":-0.002380972495302558,"w":-0.8881730437278748},"size":5.341541290283203,"orthographic":false}