{"cameraMode":{"drawMode":0,"name":"Shaded","section":"Shading Mode"},"sceneLighting":true,"audioPlay":false,"sceneViewState":{"showFog":true,"showMaterialUpdate":false,"showSkybox":true,"showFlares":true,"showImageEffects":true,"showParticleSystems":true},"in2DMode":false,"pivot":{"x":-36.66437911987305,"y":14.808629989624024,"z":-27.69668197631836},"rotation":{"x":-0.33698770403862,"y":-0.06021597608923912,"z":0.021750809624791147,"w":-0.9393414855003357},"size":13.966009140014649,"orthographic":false}