{"cameraMode":{"drawMode":0,"name":"Shaded","section":"Shading Mode"},"sceneLighting":false,"audioPlay":false,"sceneViewState":{"showFog":true,"showMaterialUpdate":false,"showSkybox":false,"showFlares":true,"showImageEffects":true,"showParticleSystems":true},"in2DMode":false,"pivot":{"x":49.4900016784668,"y":2.663451671600342,"z":-29.440000534057618},"rotation":{"x":-0.21784313023090363,"y":0.186634823679924,"z":-0.042489420622587207,"w":-0.9570415616035461},"size":9.157734870910645,"orthographic":false}