{"cameraMode":{"drawMode":0,"name":"Shaded","section":"Shading Mode"},"sceneLighting":false,"audioPlay":false,"sceneViewState":{"showFog":true,"showMaterialUpdate":false,"showSkybox":false,"showFlares":true,"showImageEffects":true,"showParticleSystems":true},"in2DMode":false,"pivot":{"x":0.4700000286102295,"y":3.046999931335449,"z":10.979999542236329},"rotation":{"x":-0.020746828988194467,"y":0.5209166407585144,"z":-0.012665418907999993,"w":-0.8532758951187134},"size":2.3392791748046877,"orthographic":false}