{"cameraMode":{"drawMode":0,"name":"Shaded","section":"Shading Mode"},"sceneLighting":false,"audioPlay":false,"sceneViewState":{"showFog":true,"showMaterialUpdate":false,"showSkybox":false,"showFlares":true,"showImageEffects":true,"showParticleSystems":true},"in2DMode":false,"pivot":{"x":4.907248497009277,"y":3.6900081634521486,"z":0.08840334415435791},"rotation":{"x":0.17843852937221528,"y":0.17764057219028474,"z":-0.032908495515584949,"w":0.9672313332557678},"size":3.8143184185028078,"orthographic":false}