{"cameraMode":{"drawMode":0,"name":"Shaded","section":"Shading Mode"},"sceneLighting":false,"audioPlay":false,"sceneViewState":{"showFog":true,"showMaterialUpdate":false,"showSkybox":false,"showFlares":true,"showImageEffects":true,"showParticleSystems":true},"in2DMode":false,"pivot":{"x":-43.94051742553711,"y":1.0935578346252442,"z":-5.221702575683594},"rotation":{"x":-0.08569478988647461,"y":-0.015843668952584268,"z":0.0013574411859735847,"w":-0.996208667755127},"size":7.438755035400391,"orthographic":false}